SupplierSkuReference,TradeStock
32943-56319-05,156
32943-56319-06,0
32943-56319-07,226
32943-56319-08,0
32943-56319-09,207
32943-56319-10,0
32943-56319-11,170
32943-56319-12,0
32943-56319-13,158
29195-49351-03,59
29195-49351-04,186
29195-49351-05,292
29195-49351-06,280
29195-49351-07,273
29195-49351-08,127
31183-53268-03,45
31183-53268-04,160
31183-53268-05,421
31183-53268-06,352
31183-53268-07,302
31183-53268-08,122
31183-53269-03,65
31183-53269-04,220
31183-53269-05,563
31183-53269-06,554
31183-53269-07,325
31183-53269-08,187
29192-49342-06,16
29192-49342-07,33
29192-49342-08,54
29192-49342-09,78
29192-49342-10,83
29192-49342-11,43
29192-49342-12,27
34233-58447-06,10
34233-58447-07,21
34233-58447-08,36
34233-58447-09,70
34233-58447-10,45
34233-58447-11,28
34233-58447-12,28
34294-58575-06,30
34294-58575-07,70
34294-58575-08,158
34294-58575-09,247
34294-58575-10,179
34294-58575-11,108
34294-58575-12,99
24077-39684-03,85
24077-39684-04,134
24077-39684-05,478
24077-39684-06,434
24077-39684-07,358
24077-39684-08,97
24077-39684-09,0
24077-39684-10,0
24077-39686-03,85
24077-39686-04,164
24077-39686-05,401
24077-39686-06,440
24077-39686-07,391
24077-39686-08,184
24077-39686-09,0
24077-39686-10,0
24842-41095-01,72
24842-41095-02,507
24842-41095-03,1442
24842-41095-04,1841
24842-41095-05,1130
24842-41095-06,456
24842-41095-07,97
24840-41090-01,135
24840-41090-02,496
24840-41090-03,1191
24840-41090-04,1314
24840-41090-05,988
24840-41090-06,505
24840-41090-07,136
24843-41098-01,42
24843-41098-02,440
24843-41098-03,728
24843-41098-04,912
24843-41098-05,807
24843-41098-06,323
24843-41098-07,65
23387-38381-02,17
23387-38381-03,68
23387-38381-04,106
23387-38381-05,253
23387-38381-06,327
23387-38381-07,705
23387-38381-08,642
23387-38381-09,286
23387-38381-10,116
23387-38381-11,19
23387-38381-12,13
34161-58292-02,27
34161-58292-03,47
34161-58292-04,63
34161-58292-05,74
34161-58292-06,109
34161-58292-07,153
34161-58292-08,149
34161-58292-09,69
34161-58292-10,38
34161-58292-11,12
34161-58292-12,14
24839-57014-01,45
24839-57014-02,119
24839-57014-03,269
24839-57014-04,365
24839-57014-05,221
24839-57014-06,61
24839-57014-07,56
33352-58313-01,17
33352-58313-02,44
33352-58313-03,82
33352-58313-04,133
33352-58313-05,82
33352-58313-06,27
33352-58313-07,3
33162-56699-03,13
33162-56699-04,35
33162-56699-05,50
33162-56699-06,55
33162-56699-07,47
33162-56699-08,11
24565-57487-03,42
24565-57487-04,71
24565-57487-05,100
24565-57487-06,104
24565-57487-07,70
24565-57487-08,52
